name,strategies,method,win_rate,total_return,max_drawdown,num_trades,avg_return
震荡市组合,"rsi, bollinger",voting,75.0,18.90973817859532,-17.470179483920603,4,5.065186661743967
混合组合1,"rsi, dual_ma",voting,50.0,10.44878183723922,-22.81966317293527,6,2.2917303874566444
趋势市组合,"dual_ma, macd",voting,30.0,0.2392031439332204,-25.269783056728368,10,0.24792028422982143
混合组合2,"rsi, bollinger, dual_ma",voting,0.0,-7.28490157833598,-19.738083326798595,1,-7.668983561742455
加权组合1,"rsi, bollinger, dual_ma",weighted,0.0,-7.28490157833598,-19.738083326798595,1,-7.668983561742455
顺序组合1,"rsi, bollinger",sequential,0.0,-7.28490157833598,-19.738083326798595,1,-7.668983561742455
