{
  "code": "000333",
  "name": "美的集团",
  "current_price": 74.09,
  "open": 74.5,
  "high": 74.5,
  "low": 74.04,
  "volume": 2932,
  "amount": 21805165.66,
  "change_pct": -0.19,
  "pe": 255,
  "pb": 8165,
  "total_mv": 4.982507813,
  "source": "eastmoney",
  "timestamp": "2026-03-25T09:30:21.163103"
}