{
  "code": "000333",
  "name": "美的集团",
  "current_price": 75.12,
  "open": 75.92,
  "high": 76.15,
  "low": 75.12,
  "volume": 219126,
  "amount": 1657477564.34,
  "change_pct": -1.16,
  "pe": 105,
  "pb": 8360,
  "total_mv": 4.982507813,
  "source": "eastmoney",
  "timestamp": "2026-03-23T08:11:54.166918"
}