{
  "code": "000651",
  "name": "格力电器",
  "current_price": 37.64,
  "open": 37.68,
  "high": 37.71,
  "low": 37.63,
  "volume": 4362,
  "amount": 16431935.58,
  "change_pct": 0.11,
  "pe": 262,
  "pb": 4136,
  "total_mv": 3.83141979,
  "source": "eastmoney",
  "timestamp": "2026-03-25T09:30:21.550348"
}