{
  "code": "000651",
  "name": "格力电器",
  "current_price": 36.94,
  "open": 37.72,
  "high": 37.75,
  "low": 36.83,
  "volume": 553679,
  "amount": 2058913574.66,
  "change_pct": -3.35,
  "pe": 140,
  "pb": 4204,
  "total_mv": 3.83141979,
  "source": "eastmoney",
  "timestamp": "2026-03-24T08:18:18.478342"
}