{
  "code": "600016",
  "name": "民生银行",
  "current_price": 3.72,
  "open": 3.81,
  "high": 3.82,
  "low": 3.71,
  "volume": 3560504,
  "amount": 1336837744.0,
  "change_pct": -2.87,
  "pe": 154,
  "pb": 421,
  "total_mv": 0.651905513,
  "source": "eastmoney",
  "timestamp": "2026-03-24T08:18:19.192621"
}