{
  "code": "600028",
  "name": "中国石化",
  "current_price": 6.04,
  "open": 6.08,
  "high": 6.11,
  "low": 5.93,
  "volume": 3373414,
  "amount": 2025777771.0,
  "change_pct": -0.66,
  "pe": 104,
  "pb": 669,
  "total_mv": 0.263046225,
  "source": "eastmoney",
  "timestamp": "2026-03-24T08:18:16.752035"
}