{
  "code": "600018",
  "name": "上港集团",
  "current_price": 5.11,
  "open": 5.16,
  "high": 5.19,
  "low": 5.11,
  "volume": 435904,
  "amount": 224215271.0,
  "change_pct": -0.97,
  "pe": 81,
  "pb": 568,
  "total_mv": 0.575602351,
  "source": "eastmoney",
  "timestamp": "2026-03-23T08:11:55.115670"
}