{
  "code": "600009",
  "name": "上海机场",
  "current_price": 27.73,
  "open": 27.68,
  "high": 27.78,
  "low": 27.68,
  "volume": 3999,
  "amount": 11074783.0,
  "change_pct": 0.47,
  "pe": 869,
  "pb": 3036,
  "total_mv": 0.656675409,
  "source": "eastmoney",
  "timestamp": "2026-03-25T09:30:22.228570"
}