{
  "code": "600018",
  "name": "上港集团",
  "current_price": 4.95,
  "open": 5.08,
  "high": 5.1,
  "low": 4.93,
  "volume": 916974,
  "amount": 459470545.0,
  "change_pct": -3.13,
  "pe": 180,
  "pb": 562,
  "total_mv": 0.575602351,
  "source": "eastmoney",
  "timestamp": "2026-03-24T08:18:19.324400"
}