{
  "code": "600031",
  "name": "三一重工",
  "current_price": 18.65,
  "open": 19.02,
  "high": 19.21,
  "low": 18.45,
  "volume": 1009949,
  "amount": 1898184140.0,
  "change_pct": -4.01,
  "pe": 142,
  "pb": 2137,
  "total_mv": 0.776029533,
  "source": "eastmoney",
  "timestamp": "2026-03-24T08:18:17.177950"
}