{
  "code": "600000",
  "name": "浦发银行",
  "current_price": 10.28,
  "open": 10.33,
  "high": 10.46,
  "low": 10.28,
  "volume": 748836,
  "amount": 776364417.0,
  "change_pct": -0.39,
  "pe": 98,
  "pb": 1135,
  "total_mv": 1.501748719,
  "source": "eastmoney",
  "timestamp": "2026-03-23T08:11:51.555388"
}