{
  "code": "600019",
  "name": "宝钢股份",
  "current_price": 6.25,
  "open": 6.5,
  "high": 6.52,
  "low": 6.21,
  "volume": 1728444,
  "amount": 1094225464.0,
  "change_pct": -4.87,
  "pe": 99,
  "pb": 723,
  "total_mv": 0.365411709,
  "source": "eastmoney",
  "timestamp": "2026-03-24T08:18:17.033367"
}