{
  "code": "600016",
  "name": "民生银行",
  "current_price": 3.83,
  "open": 3.86,
  "high": 3.89,
  "low": 3.83,
  "volume": 2018341,
  "amount": 778946621.0,
  "change_pct": -0.78,
  "pe": 78,
  "pb": 425,
  "total_mv": 0.651905513,
  "source": "eastmoney",
  "timestamp": "2026-03-23T08:11:54.982119"
}