{
  "code": "600028",
  "name": "中国石化",
  "current_price": 6.08,
  "open": 6.18,
  "high": 6.18,
  "low": 6.05,
  "volume": 2897698,
  "amount": 1765627259.0,
  "change_pct": -3.18,
  "pe": 80,
  "pb": 691,
  "total_mv": 0.263046225,
  "source": "eastmoney",
  "timestamp": "2026-03-23T08:11:52.702093"
}