{
  "code": "600019",
  "name": "宝钢股份",
  "current_price": 6.57,
  "open": 6.59,
  "high": 6.64,
  "low": 6.53,
  "volume": 989248,
  "amount": 650925350.0,
  "change_pct": -0.3,
  "pe": 53,
  "pb": 725,
  "total_mv": 0.365411709,
  "source": "eastmoney",
  "timestamp": "2026-03-23T08:11:52.978834"
}