{
  "code": "600031",
  "name": "三一重工",
  "current_price": 19.43,
  "open": 19.86,
  "high": 19.91,
  "low": 19.43,
  "volume": 622433,
  "amount": 1224062511.0,
  "change_pct": -1.67,
  "pe": 89,
  "pb": 2174,
  "total_mv": 0.776029533,
  "source": "eastmoney",
  "timestamp": "2026-03-23T08:11:53.111166"
}