{
  "code": "600104",
  "name": "上汽集团",
  "current_price": 13.93,
  "open": 14.17,
  "high": 14.33,
  "low": 13.88,
  "volume": 630877,
  "amount": 887062576.0,
  "change_pct": -2.45,
  "pe": 110,
  "pb": 1571,
  "total_mv": 0.704712638,
  "source": "eastmoney",
  "timestamp": "2026-03-24T08:18:17.474314"
}