{
  "code": "600104",
  "name": "上汽集团",
  "current_price": 14.08,
  "open": 14.09,
  "high": 14.09,
  "low": 14.04,
  "volume": 4483,
  "amount": 6315556.0,
  "change_pct": 0,
  "pe": 190,
  "pb": 1549,
  "total_mv": 0.704712638,
  "source": "eastmoney",
  "timestamp": "2026-03-25T09:30:18.946443"
}