{
  "code": "600276",
  "name": "恒瑞医药",
  "current_price": 54.05,
  "open": 54.0,
  "high": 54.1,
  "low": 53.99,
  "volume": 4049,
  "amount": 21868057.0,
  "change_pct": 0.76,
  "pe": 253,
  "pb": 5900,
  "total_mv": 0.866505401,
  "source": "eastmoney",
  "timestamp": "2026-03-25T09:30:20.805970"
}