{
  "code": "600276",
  "name": "恒瑞医药",
  "current_price": 55.14,
  "open": 56.19,
  "high": 56.76,
  "low": 55.05,
  "volume": 347395,
  "amount": 1936270337.0,
  "change_pct": -1.57,
  "pe": 97,
  "pb": 6162,
  "total_mv": 0.866505401,
  "source": "eastmoney",
  "timestamp": "2026-03-23T08:11:54.009266"
}