{
  "code": "600519",
  "name": "贵州茅台",
  "current_price": 1411.9,
  "open": 1410.11,
  "high": 1413.77,
  "low": 1410.11,
  "volume": 336,
  "amount": 47388060.0,
  "change_pct": 0.32,
  "pe": 240,
  "pb": 154806,
  "total_mv": 51.607668966,
  "source": "eastmoney",
  "timestamp": "2026-03-25T09:30:19.692586"
}