{
  "code": "600519",
  "name": "贵州茅台",
  "current_price": 1445.0,
  "open": 1452.96,
  "high": 1462.5,
  "low": 1439.0,
  "volume": 26132,
  "amount": 3782818260.0,
  "change_pct": -0.54,
  "pe": 63,
  "pb": 159816,
  "total_mv": 51.607668966,
  "source": "eastmoney",
  "timestamp": "2026-03-23T08:11:53.622056"
}