{
  "code": "600519",
  "name": "贵州茅台",
  "current_price": 1408.07,
  "open": 1433.33,
  "high": 1435.0,
  "low": 1400.03,
  "volume": 47256,
  "amount": 6669708665.0,
  "change_pct": -2.56,
  "pe": 117,
  "pb": 158950,
  "total_mv": 51.607668966,
  "source": "eastmoney",
  "timestamp": "2026-03-24T08:18:17.759950"
}