{
  "code": "600887",
  "name": "伊利股份",
  "current_price": 26.39,
  "open": 26.45,
  "high": 26.71,
  "low": 26.39,
  "volume": 348564,
  "amount": 925873983.0,
  "change_pct": -0.19,
  "pe": 78,
  "pb": 2908,
  "total_mv": 1.64830168,
  "source": "eastmoney",
  "timestamp": "2026-03-23T08:11:53.891168"
}