{
  "code": "601166",
  "name": "兴业银行",
  "current_price": 18.79,
  "open": 18.85,
  "high": 18.96,
  "low": 18.76,
  "volume": 664283,
  "amount": 1252054816.0,
  "change_pct": -0.21,
  "pe": 95,
  "pb": 2071,
  "total_mv": 3.660611782,
  "source": "eastmoney",
  "timestamp": "2026-03-23T08:11:51.428648"
}