{
  "code": "601288",
  "name": "农业银行",
  "current_price": 6.76,
  "open": 6.8,
  "high": 6.86,
  "low": 6.74,
  "volume": 3689291,
  "amount": 2508418997.0,
  "change_pct": -1.02,
  "pe": 94,
  "pb": 751,
  "total_mv": 0.631056305,
  "source": "eastmoney",
  "timestamp": "2026-03-23T08:11:51.810670"
}