{
  "code": "601211",
  "name": "国泰海通",
  "current_price": 16.94,
  "open": 17.33,
  "high": 17.34,
  "low": 16.82,
  "volume": 1095889,
  "amount": 1871109841.0,
  "change_pct": -3.42,
  "pe": 137,
  "pb": 1929,
  "total_mv": 1.252159732,
  "source": "eastmoney",
  "timestamp": "2026-03-24T08:18:16.452015"
}