{
  "code": "601390",
  "name": "中国中铁",
  "current_price": 5.34,
  "open": 5.48,
  "high": 5.53,
  "low": 5.31,
  "volume": 3904101,
  "amount": 2118751518.0,
  "change_pct": -3.78,
  "pe": 130,
  "pb": 611,
  "total_mv": 0.708498654,
  "source": "eastmoney",
  "timestamp": "2026-03-24T08:18:17.619602"
}