{
  "code": "601318",
  "name": "中国平安",
  "current_price": 59.74,
  "open": 60.8,
  "high": 60.9,
  "low": 59.7,
  "volume": 620767,
  "amount": 3738267788.0,
  "change_pct": -1.45,
  "pe": 93,
  "pb": 6668,
  "total_mv": 7.33701274,
  "source": "eastmoney",
  "timestamp": "2026-03-23T08:11:51.313932"
}