{
  "code": "601390",
  "name": "中国中铁",
  "current_price": 5.55,
  "open": 5.59,
  "high": 5.63,
  "low": 5.55,
  "volume": 2323730,
  "amount": 1297724991.0,
  "change_pct": -0.72,
  "pe": 66,
  "pb": 615,
  "total_mv": 0.708498654,
  "source": "eastmoney",
  "timestamp": "2026-03-23T08:11:53.485853"
}