{
  "code": "601390",
  "name": "中国中铁",
  "current_price": 5.47,
  "open": 5.47,
  "high": 5.48,
  "low": 5.46,
  "volume": 37294,
  "amount": 20400223.0,
  "change_pct": 0.55,
  "pe": 334,
  "pb": 598,
  "total_mv": 0.708498654,
  "source": "eastmoney",
  "timestamp": "2026-03-25T09:30:19.322031"
}