{
  "code": "601318",
  "name": "中国平安",
  "current_price": 57.47,
  "open": 58.9,
  "high": 59.0,
  "low": 57.24,
  "volume": 1253823,
  "amount": 7264101524.0,
  "change_pct": -3.8,
  "pe": 178,
  "pb": 6571,
  "total_mv": 7.33701274,
  "source": "eastmoney",
  "timestamp": "2026-03-24T08:18:15.333930"
}