{
  "code": "601766",
  "name": "中国中车",
  "current_price": 6.11,
  "open": 6.22,
  "high": 6.27,
  "low": 6.1,
  "volume": 2225584,
  "amount": 1369826942.0,
  "change_pct": -3.32,
  "pe": 151,
  "pb": 695,
  "total_mv": 0.347200083,
  "source": "eastmoney",
  "timestamp": "2026-03-24T08:18:17.330886"
}