{
  "code": "601857",
  "name": "中国石油",
  "current_price": 12.34,
  "open": 12.25,
  "high": 12.46,
  "low": 11.82,
  "volume": 4189739,
  "amount": 5119735792.0,
  "change_pct": 0.82,
  "pe": 131,
  "pb": 1346,
  "total_mv": 0.689970087,
  "source": "eastmoney",
  "timestamp": "2026-03-24T08:18:16.596853"
}