{
  "code": "601857",
  "name": "中国石油",
  "current_price": 12.24,
  "open": 12.0,
  "high": 12.35,
  "low": 11.9,
  "volume": 3064078,
  "amount": 3722916039.0,
  "change_pct": -1.92,
  "pe": 94,
  "pb": 1373,
  "total_mv": 0.689970087,
  "source": "eastmoney",
  "timestamp": "2026-03-23T08:11:52.567457"
}