{
  "timestamp": "2026-03-17T08:48:36.323683",
  "strategy": "HighWinRateStrategyV4",
  "factors": {
    "VWAP": {
      "weight": 3,
      "win_rate": 92.0
    },
    "Bollinger": {
      "weight": 2,
      "win_rate": 71.0
    },
    "RSI": {
      "weight": 1.5,
      "win_rate": 69.2
    },
    "KDJ": {
      "weight": 1.5,
      "win_rate": 70.0
    }
  },
  "removed_factors": [
    "MACD",
    "均线",
    "量价背离"
  ],
  "stocks": [
    "600036",
    "601318",
    "601166",
    "600000",
    "601398",
    "601288",
    "601939",
    "601988",
    "600030",
    "601211",
    "601857",
    "600028",
    "601088",
    "600019",
    "600031",
    "601766",
    "600104",
    "601390",
    "600519",
    "000858",
    "600887",
    "600276",
    "000333",
    "000651",
    "002415",
    "600009",
    "600011",
    "600015",
    "600016",
    "600018"
  ],
  "results": {
    "initial_value": 1000000,
    "final_value": -1.3115602756567984e+20,
    "total_return": -1.3115602756568084e+16,
    "total_trades": 468,
    "won_trades": 215,
    "lost_trades": 223,
    "win_rate": 45.94017094017094,
    "sharpe_ratio": -0.999134033957101,
    "max_drawdown": 3145.3736167720745,
    "avg_trade": 0
  }
}