{
  "timestamp": "2026-03-17T07:58:52.233729",
  "strategy": "MultiFactorStrategy",
  "stocks": [
    "600036",
    "601318",
    "601166",
    "600000",
    "601398",
    "601288",
    "601939",
    "601988",
    "600030",
    "601211",
    "601857",
    "600028",
    "601088",
    "600019",
    "600031"
  ],
  "results": {
    "initial_value": 1000000,
    "final_value": 77102251491313.5,
    "total_return": 7710225049.1313505,
    "total_trades": 248,
    "won_trades": 110,
    "lost_trades": 123,
    "win_rate": 44.354838709677416,
    "sharpe_ratio": -1.0057205411816716,
    "max_drawdown": 1639.906680135721
  }
}